{
  "$schema": "https://schemas.wp.org/trunk/theme.json",
  "version": 2,
  "settings": {
    "typography": {
      "fontFamilies": [
        {
          "fontFamily": "Inter, system-ui, -apple-system, Segoe UI, Roboto, Helvetica, Arial, sans-serif",
          "slug": "inter",
          "name": "Inter"
        }
      ],
      "fluid": true
    },
    "color": {
      "palette": [
        {
          "slug": "teal-700",
          "name": "Teal",
          "color": "#1C6E6C"
        },
        {
          "slug": "teal-400",
          "name": "Teal Light",
          "color": "#3DA8A1"
        },
        {
          "slug": "sand-50",
          "name": "Sand",
          "color": "#F5EFE7"
        },
        {
          "slug": "slate-800",
          "name": "Slate",
          "color": "#2E3136"
        },
        {
          "slug": "sage-300",
          "name": "Sage",
          "color": "#A6C1B9"
        },
        {
          "slug": "rose-200",
          "name": "Rose",
          "color": "#E9C7C2"
        },
        {
          "slug": "white",
          "name": "White",
          "color": "#FFFFFF"
        }
      ]
    },
    "spacing": {
      "units": [
        "px",
        "em",
        "rem",
        "vh",
        "vw"
      ],
      "spacingScale": {
        "steps": 8
      }
    },
    "layout": {
      "contentSize": "760px",
      "wideSize": "1200px"
    }
  },
  "styles": {
    "color": {
      "background": "var(--wp--preset--color--sand-50)",
      "text": "var(--wp--preset--color--slate-800)"
    },
    "typography": {
      "fontFamily": "var(--wp--preset--font-family--inter)",
      "lineHeight": "1.6"
    },
    "elements": {
      "heading": {
        "typography": {
          "fontWeight": "700",
          "lineHeight": "1.25"
        },
        "color": {
          "text": "var(--wp--preset--color--slate-800)"
        }
      },
      "link": {
        "color": {
          "text": "var(--wp--preset--color--teal-700)"
        }
      },
      "button": {
        "color": {
          "background": "var(--wp--preset--color--teal-700)",
          "text": "var(--wp--preset--color--white)"
        },
        "border": {
          "radius": "10px"
        },
        "spacing": {
          "padding": {
            "top": "12px",
            "right": "18px",
            "bottom": "12px",
            "left": "18px"
          }
        }
      }
    },
    "blocks": {
      "core/button": {
        "styles": [
          {
            "css": ":where(.wp-block-button__link):hover{background:var(--wp--preset--color--teal-400)}"
          }
        ]
      },
      "core/quote": {
        "border": {
          "left": {
            "color": "var(--wp--preset--color--sage-300)",
            "width": "4px",
            "style": "solid"
          }
        },
        "spacing": {
          "padding": {
            "left": "16px"
          }
        }
      }
    }
  }
}